Transaction ID,Date,Customer ID,Gender,Age,Product Category,Quantity,Price per Unit,Total Amount
1,2023-01-01,CUST001,Male,29,Clothing,3,50,150
2,2023-01-01,CUST002,Male,48,Beauty,1,30,30
3,2023-01-01,CUST003,Female,25,Electronics,3,300,900
4,2023-01-02,CUST004,Male,48,Electronics,1,300,300
5,2023-01-02,CUST005,Male,60,Electronics,4,500,2000
6,2023-01-02,CUST006,Male,39,Clothing,4,300,1200
7,2023-01-03,CUST007,Female,25,Electronics,4,500,2000
8,2023-01-03,CUST008,Female,43,Beauty,2,25,50
9,2023-01-03,CUST009,Female,62,Electronics,2,300,600
10,2023-01-04,CUST010,Male,37,Clothing,4,25,100
11,2023-01-04,CUST011,Female,43,Clothing,3,300,900
12,2023-01-05,CUST012,Male,63,Electronics,3,500,1500
13,2023-01-05,CUST013,Male,60,Electronics,1,300,300
14,2023-01-05,CUST014,Female,21,Electronics,3,300,900
15,2023-01-06,CUST015,Male,38,Electronics,3,500,1500
16,2023-01-06,CUST016,Female,37,Beauty,2,50,100
17,2023-01-06,CUST017,Male,55,Clothing,3,300,900
18,2023-01-07,CUST018,Female,51,Beauty,3,50,150
19,2023-01-07,CUST019,Female,62,Clothing,1,50,50
20,2023-01-07,CUST020,Female,43,Clothing,4,50,200
21,2023-01-08,CUST021,Female,25,Beauty,4,50,200
22,2023-01-08,CUST022,Female,55,Beauty,2,25,50
23,2023-01-09,CUST023,Female,38,Electronics,2,300,600
24,2023-01-09,CUST024,Female,52,Electronics,1,300,300
25,2023-01-09,CUST025,Male,34,Clothing,2,300,600
26,2023-01-10,CUST026,Male,63,Clothing,1,50,50
27,2023-01-10,CUST027,Female,58,Clothing,4,25,100
28,2023-01-10,CUST028,Female,57,Electronics,4,500,2000
29,2023-01-11,CUST029,Male,51,Clothing,1,50,50
30,2023-01-11,CUST030,Female,51,Beauty,4,25,100
31,2023-01-11,CUST031,Male,19,Clothing,3,25,75
32,2023-01-12,CUST032,Male,27,Clothing,3,300,900
33,2023-01-12,CUST033,Male,41,Clothing,4,25,100
34,2023-01-13,CUST034,Male,22,Beauty,1,50,50
35,2023-01-13,CUST035,Female,42,Clothing,3,50,150
36,2023-01-13,CUST036,Male,24,Clothing,3,300,900
37,2023-01-14,CUST037,Male,51,Electronics,4,500,2000
38,2023-01-14,CUST038,Female,42,Clothing,2,50,100
39,2023-01-14,CUST039,Male,28,Clothing,2,300,600
40,2023-01-15,CUST040,Female,47,Electronics,4,300,1200
41,2023-01-15,CUST041,Female,46,Electronics,4,500,2000
42,2023-01-15,CUST042,Male,42,Clothing,3,50,150
43,2023-01-16,CUST043,Male,21,Beauty,1,25,25
44,2023-01-16,CUST044,Male,36,Electronics,1,500,500
45,2023-01-17,CUST045,Female,39,Electronics,3,500,1500
46,2023-01-17,CUST046,Male,24,Beauty,3,30,90
47,2023-01-17,CUST047,Male,38,Electronics,1,500,500
48,2023-01-18,CUST048,Female,39,Electronics,2,300,600
49,2023-01-18,CUST049,Female,45,Electronics,2,300,600
50,2023-01-18,CUST050,Male,44,Clothing,1,50,50
51,2023-01-19,CUST051,Female,43,Electronics,4,500,2000
52,2023-01-19,CUST052,Female,18,Clothing,4,300,1200
53,2023-01-19,CUST053,Female,64,Beauty,3,50,150
54,2023-01-20,CUST054,Female,21,Beauty,2,30,60
55,2023-01-20,CUST055,Male,55,Clothing,4,50,200
56,2023-01-21,CUST056,Male,25,Clothing,4,300,1200
57,2023-01-21,CUST057,Female,34,Electronics,4,300,1200
58,2023-01-21,CUST058,Female,29,Beauty,1,30,30
59,2023-01-22,CUST059,Male,29,Beauty,3,50,150
60,2023-01-22,CUST060,Female,62,Clothing,3,50,150
61,2023-01-22,CUST061,Male,20,Clothing,2,25,50
62,2023-01-23,CUST062,Male,23,Electronics,4,500,2000
63,2023-01-23,CUST063,Female,35,Electronics,3,500,1500
64,2023-01-24,CUST064,Female,32,Clothing,1,50,50
65,2023-01-24,CUST065,Female,23,Beauty,1,25,25
66,2023-01-24,CUST066,Female,32,Clothing,1,50,50
67,2023-01-25,CUST067,Female,35,Beauty,4,30,120
68,2023-01-25,CUST068,Male,59,Beauty,1,30,30
69,2023-01-25,CUST069,Female,64,Beauty,4,25,100
70,2023-01-26,CUST070,Male,62,Electronics,3,300,900
71,2023-01-26,CUST071,Male,48,Beauty,1,50,50
72,2023-01-26,CUST072,Female,52,Electronics,4,300,1200
73,2023-01-27,CUST073,Male,21,Electronics,2,500,1000
74,2023-01-27,CUST074,Female,18,Clothing,3,50,150
75,2023-01-28,CUST075,Male,47,Beauty,3,50,150
76,2023-01-28,CUST076,Female,62,Electronics,4,500,2000
77,2023-01-28,CUST077,Female,62,Beauty,4,50,200
78,2023-01-29,CUST078,Male,62,Electronics,3,500,1500
79,2023-01-29,CUST079,Male,18,Beauty,4,50,200
80,2023-01-29,CUST080,Male,35,Clothing,1,25,25
81,2023-01-30,CUST081,Female,47,Beauty,4,30,120
82,2023-01-30,CUST082,Female,45,Beauty,3,30,90
83,2023-01-30,CUST083,Female,52,Clothing,1,25,25
84,2023-01-31,CUST084,Male,54,Clothing,4,50,200
85,2023-01-31,CUST085,Male,39,Beauty,1,30,30
86,2023-02-01,CUST086,Male,48,Electronics,4,300,1200
87,2023-02-01,CUST087,Female,55,Electronics,3,300,900
88,2023-02-01,CUST088,Female,35,Beauty,3,30,90
89,2023-02-02,CUST089,Female,56,Clothing,1,25,25
90,2023-02-02,CUST090,Male,33,Beauty,3,25,75
91,2023-02-02,CUST091,Female,19,Clothing,3,300,900
92,2023-02-03,CUST092,Female,33,Electronics,1,500,500
93,2023-02-03,CUST093,Male,59,Electronics,1,500,500
94,2023-02-03,CUST094,Female,40,Electronics,3,500,1500
95,2023-02-04,CUST095,Male,63,Beauty,1,50,50
96,2023-02-04,CUST096,Female,35,Clothing,1,50,50
97,2023-02-05,CUST097,Male,62,Beauty,4,25,100
98,2023-02-05,CUST098,Female,40,Clothing,2,50,100
99,2023-02-05,CUST099,Female,31,Electronics,3,500,1500
100,2023-02-06,CUST100,Male,20,Electronics,3,500,1500
101,2023-02-06,CUST101,Male,29,Electronics,4,300,1200
102,2023-02-06,CUST102,Male,27,Beauty,3,25,75
103,2023-02-07,CUST103,Female,58,Clothing,3,50,150
104,2023-02-07,CUST104,Male,22,Clothing,3,50,150
105,2023-02-07,CUST105,Female,28,Clothing,1,25,25
106,2023-02-08,CUST106,Male,24,Electronics,3,300,900
107,2023-02-08,CUST107,Male,62,Beauty,3,30,90
108,2023-02-09,CUST108,Male,26,Clothing,2,300,600
109,2023-02-09,CUST109,Male,26,Beauty,4,25,100
110,2023-02-09,CUST110,Female,26,Clothing,4,300,1200
111,2023-02-10,CUST111,Female,62,Clothing,1,50,50
112,2023-02-10,CUST112,Male,55,Clothing,3,300,900
113,2023-02-10,CUST113,Female,36,Beauty,3,50,150
114,2023-02-11,CUST114,Male,20,Clothing,3,25,75
115,2023-02-11,CUST115,Female,23,Beauty,3,25,75
116,2023-02-12,CUST116,Female,47,Clothing,1,300,300
117,2023-02-12,CUST117,Male,55,Beauty,2,25,50
118,2023-02-12,CUST118,Female,54,Clothing,4,300,1200
119,2023-02-13,CUST119,Female,60,Clothing,2,300,600
120,2023-02-13,CUST120,Male,47,Clothing,3,50,150
121,2023-02-13,CUST121,Male,45,Beauty,2,50,100
122,2023-02-14,CUST122,Male,35,Clothing,2,50,100
123,2023-02-14,CUST123,Female,29,Clothing,4,25,100
124,2023-02-14,CUST124,Male,26,Clothing,2,300,600
125,2023-02-15,CUST125,Female,42,Electronics,2,500,1000
126,2023-02-15,CUST126,Male,21,Electronics,2,500,1000
127,2023-02-16,CUST127,Female,29,Electronics,1,500,500
128,2023-02-16,CUST128,Female,33,Clothing,1,50,50
129,2023-02-16,CUST129,Male,21,Beauty,1,50,50
130,2023-02-17,CUST130,Male,54,Clothing,2,25,50
131,2023-02-17,CUST131,Female,57,Beauty,1,50,50
132,2023-02-17,CUST132,Male,39,Clothing,2,25,50
133,2023-02-18,CUST133,Male,47,Beauty,2,30,60
134,2023-02-18,CUST134,Male,21,Clothing,1,300,300
135,2023-02-18,CUST135,Male,29,Electronics,3,500,1500
136,2023-02-19,CUST136,Male,33,Clothing,2,25,50
137,2023-02-19,CUST137,Female,63,Electronics,2,500,1000
138,2023-02-20,CUST138,Female,44,Beauty,4,30,120
139,2023-02-20,CUST139,Male,33,Clothing,1,25,25
140,2023-02-20,CUST140,Male,51,Electronics,4,300,1200
141,2023-02-21,CUST141,Female,29,Beauty,2,30,60
142,2023-02-21,CUST142,Male,23,Electronics,4,300,1200
143,2023-02-21,CUST143,Male,48,Beauty,2,50,100
144,2023-02-22,CUST144,Female,22,Clothing,4,300,1200
145,2023-02-22,CUST145,Female,50,Clothing,2,25,50
146,2023-02-22,CUST146,Female,55,Clothing,1,300,300
147,2023-02-23,CUST147,Female,61,Electronics,4,500,2000
148,2023-02-23,CUST148,Female,63,Electronics,4,300,1200
149,2023-02-24,CUST149,Female,47,Clothing,3,300,900
150,2023-02-24,CUST150,Female,45,Clothing,3,25,75
151,2023-02-24,CUST151,Female,57,Electronics,1,500,500
152,2023-02-25,CUST152,Female,45,Electronics,2,300,600
153,2023-02-25,CUST153,Female,47,Electronics,3,300,900
154,2023-02-25,CUST154,Male,26,Clothing,1,50,50
155,2023-02-26,CUST155,Male,29,Clothing,1,50,50
156,2023-02-26,CUST156,Male,51,Electronics,2,500,1000
157,2023-02-26,CUST157,Female,32,Beauty,2,25,50
158,2023-02-27,CUST158,Female,56,Clothing,4,300,1200
159,2023-02-27,CUST159,Male,29,Electronics,4,300,1200
160,2023-02-28,CUST160,Female,28,Beauty,1,25,25
161,2023-02-28,CUST161,Male,43,Electronics,1,300,300
162,2023-02-28,CUST162,Male,50,Clothing,1,300,300
163,2023-03-01,CUST163,Male,58,Clothing,4,25,100
164,2023-03-01,CUST164,Male,24,Electronics,3,500,1500
165,2023-03-01,CUST165,Male,48,Beauty,2,50,100
166,2023-03-02,CUST166,Female,40,Electronics,1,500,500
167,2023-03-02,CUST167,Female,29,Beauty,4,50,200
168,2023-03-03,CUST168,Male,53,Clothing,4,25,100
169,2023-03-03,CUST169,Female,38,Clothing,2,25,50
170,2023-03-03,CUST170,Female,22,Electronics,3,300,900
171,2023-03-04,CUST171,Male,22,Electronics,1,500,500
172,2023-03-04,CUST172,Male,47,Beauty,2,50,100
173,2023-03-04,CUST173,Female,45,Electronics,4,300,1200
174,2023-03-05,CUST174,Male,37,Clothing,3,25,75
175,2023-03-05,CUST175,Female,58,Electronics,1,300,300
176,2023-03-05,CUST176,Male,44,Electronics,4,300,1200
177,2023-03-06,CUST177,Female,44,Clothing,4,300,1200
178,2023-03-06,CUST178,Male,27,Clothing,2,300,600
179,2023-03-07,CUST179,Male,49,Electronics,4,500,2000
180,2023-03-07,CUST180,Female,48,Electronics,1,300,300
181,2023-03-07,CUST181,Male,35,Beauty,4,50,200
182,2023-03-08,CUST182,Male,25,Electronics,2,300,600
183,2023-03-08,CUST183,Female,53,Electronics,2,300,600
184,2023-03-08,CUST184,Female,27,Clothing,3,50,150
185,2023-03-09,CUST185,Male,46,Beauty,3,25,75
186,2023-03-09,CUST186,Male,25,Electronics,4,500,2000
187,2023-03-09,CUST187,Male,21,Electronics,4,500,2000
188,2023-03-10,CUST188,Female,25,Beauty,4,25,100
189,2023-03-10,CUST189,Male,26,Electronics,3,300,900
190,2023-03-11,CUST190,Female,55,Beauty,3,30,90
191,2023-03-11,CUST191,Male,23,Electronics,4,300,1200
192,2023-03-11,CUST192,Male,51,Beauty,3,30,90
193,2023-03-12,CUST193,Female,46,Clothing,2,50,100
194,2023-03-12,CUST194,Female,64,Electronics,3,500,1500
195,2023-03-12,CUST195,Male,56,Electronics,2,300,600
196,2023-03-13,CUST196,Male,26,Beauty,4,50,200
197,2023-03-13,CUST197,Male,19,Electronics,2,300,600
198,2023-03-13,CUST198,Female,20,Clothing,1,25,25
199,2023-03-14,CUST199,Male,34,Electronics,4,500,2000
200,2023-03-14,CUST200,Female,20,Electronics,2,500,1000
201,2023-03-15,CUST201,Male,29,Beauty,2,30,60
202,2023-03-15,CUST202,Female,49,Electronics,3,500,1500
203,2023-03-15,CUST203,Female,28,Beauty,2,50,100
204,2023-03-16,CUST204,Male,38,Electronics,3,500,1500
205,2023-03-16,CUST205,Male,54,Beauty,2,50,100
206,2023-03-16,CUST206,Male,32,Beauty,2,25,50
207,2023-03-17,CUST207,Male,25,Electronics,3,500,1500
208,2023-03-17,CUST208,Male,47,Clothing,1,25,25
209,2023-03-17,CUST209,Male,23,Electronics,2,500,1000
210,2023-03-18,CUST210,Male,32,Beauty,2,50,100
211,2023-03-18,CUST211,Female,64,Beauty,4,50,200
212,2023-03-19,CUST212,Male,33,Clothing,3,300,900
213,2023-03-19,CUST213,Female,50,Electronics,3,300,900
214,2023-03-19,CUST214,Male,41,Clothing,1,300,300
215,2023-03-20,CUST215,Male,45,Electronics,4,300,1200
216,2023-03-20,CUST216,Male,24,Clothing,1,25,25
217,2023-03-20,CUST217,Female,27,Clothing,1,25,25
218,2023-03-21,CUST218,Female,19,Electronics,2,300,600
219,2023-03-21,CUST219,Female,29,Clothing,2,50,100
220,2023-03-22,CUST220,Male,41,Electronics,3,300,900
221,2023-03-22,CUST221,Male,24,Beauty,4,30,120
222,2023-03-22,CUST222,Male,58,Clothing,3,25,75
223,2023-03-23,CUST223,Male,54,Beauty,4,25,100
224,2023-03-23,CUST224,Female,30,Beauty,3,25,75
225,2023-03-23,CUST225,Female,53,Clothing,1,25,25
226,2023-03-24,CUST226,Female,23,Electronics,1,500,500
227,2023-03-24,CUST227,Male,30,Beauty,1,25,25
228,2023-03-24,CUST228,Male,36,Electronics,2,300,600
229,2023-03-25,CUST229,Female,18,Electronics,4,500,2000
230,2023-03-25,CUST230,Female,19,Beauty,4,25,100
231,2023-03-26,CUST231,Male,38,Electronics,2,500,1000
232,2023-03-26,CUST232,Female,31,Electronics,4,300,1200
233,2023-03-26,CUST233,Male,44,Electronics,3,300,900
234,2023-03-27,CUST234,Male,61,Clothing,1,25,25
235,2023-03-27,CUST235,Female,39,Clothing,2,25,50
236,2023-03-27,CUST236,Female,32,Clothing,1,25,25
237,2023-03-28,CUST237,Male,31,Clothing,4,300,1200
238,2023-03-28,CUST238,Female,58,Electronics,2,500,1000
239,2023-03-28,CUST239,Male,21,Beauty,4,30,120
240,2023-03-29,CUST240,Female,59,Electronics,1,500,500
241,2023-03-29,CUST241,Male,35,Electronics,4,300,1200
242,2023-03-30,CUST242,Female,23,Clothing,2,50,100
243,2023-03-30,CUST243,Female,44,Electronics,4,300,1200
244,2023-03-30,CUST244,Female,45,Electronics,2,300,600
245,2023-03-31,CUST245,Male,61,Electronics,2,300,600
246,2023-03-31,CUST246,Female,63,Clothing,2,50,100
247,2023-03-31,CUST247,Female,59,Clothing,3,300,900
248,2023-04-01,CUST248,Female,31,Beauty,4,50,200
249,2023-04-01,CUST249,Female,63,Beauty,4,30,120
250,2023-04-01,CUST250,Male,35,Electronics,1,500,500
251,2023-04-02,CUST251,Female,40,Electronics,2,500,1000
252,2023-04-02,CUST252,Male,49,Beauty,2,25,50
253,2023-04-03,CUST253,Female,43,Beauty,1,30,30
254,2023-04-03,CUST254,Male,46,Electronics,4,500,2000
255,2023-04-03,CUST255,Female,31,Clothing,4,50,200
256,2023-04-04,CUST256,Male,25,Beauty,4,25,100
257,2023-04-04,CUST257,Male,44,Beauty,2,25,50
258,2023-04-04,CUST258,Female,35,Clothing,2,25,50
259,2023-04-05,CUST259,Male,22,Electronics,1,300,300
260,2023-04-05,CUST260,Female,61,Beauty,3,30,90
261,2023-04-05,CUST261,Male,48,Electronics,3,300,900
262,2023-04-06,CUST262,Male,46,Beauty,2,50,100
263,2023-04-06,CUST263,Female,26,Electronics,4,500,2000
264,2023-04-07,CUST264,Female,45,Beauty,4,50,200
265,2023-04-07,CUST265,Male,24,Clothing,3,25,75
266,2023-04-07,CUST266,Male,25,Clothing,4,50,200
267,2023-04-08,CUST267,Male,44,Electronics,3,300,900
268,2023-04-08,CUST268,Female,29,Clothing,2,50,100
269,2023-04-08,CUST269,Female,55,Electronics,2,500,1000
270,2023-04-09,CUST270,Female,47,Beauty,4,25,100
271,2023-04-09,CUST271,Male,38,Clothing,4,25,100
272,2023-04-10,CUST272,Male,47,Beauty,3,30,90
273,2023-04-10,CUST273,Female,46,Electronics,4,500,2000
274,2023-04-10,CUST274,Female,41,Beauty,2,30,60
275,2023-04-11,CUST275,Male,27,Electronics,4,500,2000
276,2023-04-11,CUST276,Male,18,Clothing,4,50,200
277,2023-04-11,CUST277,Male,56,Clothing,4,50,200
278,2023-04-12,CUST278,Male,37,Clothing,2,25,50
279,2023-04-12,CUST279,Female,25,Clothing,4,50,200
280,2023-04-12,CUST280,Female,56,Clothing,3,50,150
281,2023-04-13,CUST281,Male,21,Beauty,1,50,50
282,2023-04-13,CUST282,Female,48,Electronics,3,300,900
283,2023-04-14,CUST283,Female,55,Beauty,3,50,150
284,2023-04-14,CUST284,Male,59,Beauty,3,25,75
285,2023-04-14,CUST285,Male,23,Electronics,2,500,1000
286,2023-04-15,CUST286,Female,34,Electronics,3,500,1500
287,2023-04-15,CUST287,Male,44,Electronics,4,300,1200
288,2023-04-15,CUST288,Male,49,Electronics,2,500,1000
289,2023-04-16,CUST289,Female,24,Electronics,1,300,300
290,2023-04-16,CUST290,Female,43,Electronics,3,300,900
291,2023-04-16,CUST291,Male,29,Electronics,1,300,300
292,2023-04-17,CUST292,Female,35,Beauty,4,25,100
293,2023-04-17,CUST293,Male,49,Beauty,4,50,200
294,2023-04-18,CUST294,Male,49,Clothing,3,25,75
295,2023-04-18,CUST295,Male,38,Beauty,4,25,100
296,2023-04-18,CUST296,Female,44,Clothing,4,50,200
297,2023-04-19,CUST297,Male,57,Clothing,4,50,200
298,2023-04-19,CUST298,Male,28,Clothing,2,300,600
299,2023-04-19,CUST299,Female,56,Clothing,1,25,25
300,2023-04-20,CUST300,Female,22,Electronics,3,500,1500
301,2023-04-20,CUST301,Female,57,Beauty,1,25,25
302,2023-04-20,CUST302,Female,33,Clothing,2,25,50
303,2023-04-21,CUST303,Female,31,Electronics,4,500,2000
304,2023-04-21,CUST304,Female,53,Clothing,4,25,100
305,2023-04-22,CUST305,Female,56,Electronics,2,500,1000
306,2023-04-22,CUST306,Female,29,Electronics,4,500,2000
307,2023-04-22,CUST307,Male,57,Clothing,3,50,150
308,2023-04-23,CUST308,Male,29,Clothing,3,25,75
309,2023-04-23,CUST309,Female,54,Beauty,1,25,25
310,2023-04-23,CUST310,Male,36,Clothing,2,25,50
311,2023-04-24,CUST311,Male,29,Beauty,2,30,60
312,2023-04-24,CUST312,Male,52,Electronics,3,500,1500
313,2023-04-24,CUST313,Male,34,Clothing,4,25,100
314,2023-04-25,CUST314,Female,46,Clothing,2,300,600
315,2023-04-25,CUST315,Male,27,Clothing,2,25,50
316,2023-04-26,CUST316,Female,55,Beauty,4,50,200
317,2023-04-26,CUST317,Female,26,Electronics,2,500,1000
318,2023-04-26,CUST318,Female,35,Clothing,4,25,100
319,2023-04-27,CUST319,Female,62,Electronics,1,500,500
320,2023-04-27,CUST320,Female,46,Clothing,1,300,300
321,2023-04-27,CUST321,Female,43,Beauty,4,30,120
322,2023-04-28,CUST322,Female,48,Clothing,1,50,50
323,2023-04-28,CUST323,Male,55,Electronics,4,500,2000
324,2023-04-29,CUST324,Female,48,Clothing,4,25,100
325,2023-04-29,CUST325,Female,36,Beauty,2,30,60
326,2023-04-29,CUST326,Female,30,Electronics,4,300,1200
327,2023-04-30,CUST327,Female,19,Beauty,4,25,100
328,2023-04-30,CUST328,Female,45,Electronics,4,300,1200
329,2023-04-30,CUST329,Female,28,Electronics,4,500,2000
330,2023-05-01,CUST330,Male,21,Clothing,4,300,1200
331,2023-05-01,CUST331,Male,34,Clothing,3,25,75
332,2023-05-01,CUST332,Male,45,Beauty,3,30,90
333,2023-05-02,CUST333,Female,24,Clothing,3,50,150
334,2023-05-02,CUST334,Male,18,Clothing,1,50,50
335,2023-05-03,CUST335,Female,25,Clothing,2,50,100
336,2023-05-03,CUST336,Female,43,Beauty,1,30,30
337,2023-05-03,CUST337,Female,21,Beauty,1,50,50
338,2023-05-04,CUST338,Male,54,Clothing,3,300,900
339,2023-05-04,CUST339,Female,62,Beauty,3,25,75
340,2023-05-04,CUST340,Male,39,Clothing,2,50,100
341,2023-05-05,CUST341,Male,26,Beauty,4,30,120
342,2023-05-05,CUST342,Female,56,Clothing,1,50,50
343,2023-05-05,CUST343,Female,60,Beauty,2,50,100
344,2023-05-06,CUST344,Female,51,Clothing,4,25,100
345,2023-05-06,CUST345,Female,54,Electronics,1,500,500
346,2023-05-07,CUST346,Female,22,Beauty,2,25,50
347,2023-05-07,CUST347,Female,45,Clothing,1,300,300
348,2023-05-07,CUST348,Female,31,Beauty,2,30,60
349,2023-05-08,CUST349,Female,31,Clothing,1,300,300
350,2023-05-08,CUST350,Male,59,Clothing,4,50,200
351,2023-05-08,CUST351,Female,26,Clothing,1,25,25
352,2023-05-09,CUST352,Male,24,Beauty,3,30,90
353,2023-05-09,CUST353,Female,48,Clothing,1,50,50
354,2023-05-09,CUST354,Male,30,Electronics,4,300,1200
355,2023-05-10,CUST355,Male,52,Clothing,3,25,75
356,2023-05-10,CUST356,Male,21,Clothing,4,25,100
357,2023-05-11,CUST357,Female,58,Electronics,4,500,2000
358,2023-05-11,CUST358,Male,34,Beauty,2,50,100
359,2023-05-11,CUST359,Male,23,Electronics,4,500,2000
360,2023-05-12,CUST360,Female,58,Clothing,4,300,1200
361,2023-05-12,CUST361,Female,47,Electronics,4,500,2000
362,2023-05-12,CUST362,Female,40,Electronics,3,500,1500
363,2023-05-13,CUST363,Female,55,Clothing,1,50,50
364,2023-05-13,CUST364,Female,41,Clothing,3,50,150
365,2023-05-13,CUST365,Female,54,Beauty,4,50,200
366,2023-05-14,CUST366,Female,61,Clothing,4,50,200
367,2023-05-14,CUST367,Male,52,Beauty,4,25,100
368,2023-05-15,CUST368,Female,24,Electronics,3,300,900
369,2023-05-15,CUST369,Female,24,Beauty,4,50,200
370,2023-05-15,CUST370,Female,42,Clothing,2,300,600
371,2023-05-16,CUST371,Male,30,Clothing,3,50,150
372,2023-05-16,CUST372,Female,35,Clothing,2,50,100
373,2023-05-16,CUST373,Female,49,Beauty,2,25,50
374,2023-05-17,CUST374,Male,55,Beauty,3,50,150
375,2023-05-17,CUST375,Female,18,Electronics,4,300,1200
376,2023-05-18,CUST376,Female,28,Electronics,1,300,300
377,2023-05-18,CUST377,Male,62,Clothing,4,300,1200
378,2023-05-18,CUST378,Male,22,Electronics,2,500,1000
379,2023-05-19,CUST379,Female,49,Electronics,3,300,900
380,2023-05-19,CUST380,Female,28,Beauty,2,50,100
381,2023-05-19,CUST381,Male,47,Clothing,3,50,150
382,2023-05-20,CUST382,Female,51,Beauty,4,30,120
383,2023-05-20,CUST383,Female,59,Clothing,4,25,100
384,2023-05-20,CUST384,Male,31,Beauty,3,25,75
385,2023-05-21,CUST385,Male,37,Electronics,4,300,1200
386,2023-05-21,CUST386,Male,59,Electronics,4,500,2000
387,2023-05-22,CUST387,Male,30,Clothing,1,300,300
388,2023-05-22,CUST388,Female,62,Clothing,3,50,150
389,2023-05-22,CUST389,Female,61,Clothing,2,300,600
390,2023-05-23,CUST390,Male,34,Clothing,4,50,200
391,2023-05-23,CUST391,Male,55,Clothing,2,50,100
392,2023-05-23,CUST392,Female,32,Electronics,1,300,300
393,2023-05-24,CUST393,Female,54,Electronics,4,300,1200
394,2023-05-24,CUST394,Male,22,Electronics,2,500,1000
395,2023-05-24,CUST395,Female,18,Electronics,1,300,300
396,2023-05-25,CUST396,Female,55,Clothing,3,50,150
397,2023-05-25,CUST397,Female,29,Beauty,3,30,90
398,2023-05-26,CUST398,Female,62,Clothing,3,300,900
399,2023-05-26,CUST399,Male,23,Electronics,1,500,500
400,2023-05-26,CUST400,Female,58,Electronics,4,500,2000
401,2023-05-27,CUST401,Male,64,Clothing,2,50,100
402,2023-05-27,CUST402,Female,34,Clothing,2,300,600
403,2023-05-27,CUST403,Male,34,Clothing,3,50,150
404,2023-05-28,CUST404,Female,28,Beauty,2,25,50
405,2023-05-28,CUST405,Male,23,Beauty,1,50,50
406,2023-05-28,CUST406,Male,41,Beauty,4,25,100
407,2023-05-29,CUST407,Female,21,Electronics,4,300,1200
408,2023-05-29,CUST408,Female,56,Clothing,1,25,25
409,2023-05-30,CUST409,Male,36,Beauty,4,25,100
410,2023-05-30,CUST410,Male,48,Beauty,1,25,25
411,2023-05-30,CUST411,Male,34,Clothing,1,25,25
412,2023-05-31,CUST412,Female,49,Clothing,2,300,600
413,2023-05-31,CUST413,Male,60,Beauty,1,50,50
414,2023-05-31,CUST414,Male,39,Electronics,2,500,1000
415,2023-06-01,CUST415,Female,51,Beauty,4,50,200
416,2023-06-01,CUST416,Female,28,Clothing,3,25,75
417,2023-06-01,CUST417,Female,62,Electronics,4,300,1200
418,2023-06-02,CUST418,Female,49,Electronics,2,500,1000
419,2023-06-02,CUST419,Female,37,Beauty,1,25,25
420,2023-06-03,CUST420,Female,20,Electronics,4,500,2000
421,2023-06-03,CUST421,Male,37,Beauty,2,25,50
422,2023-06-03,CUST422,Male,49,Clothing,4,300,1200
423,2023-06-04,CUST423,Female,37,Clothing,3,25,75
424,2023-06-04,CUST424,Male,57,Clothing,3,25,75
425,2023-06-04,CUST425,Female,57,Electronics,4,300,1200
426,2023-06-05,CUST426,Male,51,Beauty,3,25,75
427,2023-06-05,CUST427,Male,62,Clothing,2,25,50
428,2023-06-06,CUST428,Female,62,Electronics,1,300,300
429,2023-06-06,CUST429,Female,48,Electronics,1,300,300
430,2023-06-06,CUST430,Male,57,Beauty,4,50,200
431,2023-06-07,CUST431,Male,30,Clothing,4,300,1200
432,2023-06-07,CUST432,Female,34,Beauty,2,50,100
433,2023-06-07,CUST433,Female,34,Beauty,1,50,50
434,2023-06-08,CUST434,Male,24,Electronics,1,300,300
435,2023-06-08,CUST435,Male,22,Clothing,2,25,50
436,2023-06-08,CUST436,Female,63,Beauty,3,50,150
437,2023-06-09,CUST437,Female,38,Beauty,1,50,50
438,2023-06-09,CUST438,Female,48,Electronics,4,500,2000
439,2023-06-10,CUST439,Male,30,Electronics,3,300,900
440,2023-06-10,CUST440,Male,51,Clothing,1,300,300
441,2023-06-10,CUST441,Male,44,Beauty,3,30,90
442,2023-06-11,CUST442,Female,36,Clothing,3,300,900
443,2023-06-11,CUST443,Male,24,Beauty,1,25,25
444,2023-06-11,CUST444,Female,20,Electronics,1,300,300
445,2023-06-12,CUST445,Female,44,Electronics,2,500,1000
446,2023-06-12,CUST446,Male,64,Electronics,4,300,1200
447,2023-06-12,CUST447,Male,43,Electronics,1,300,300
448,2023-06-13,CUST448,Female,31,Beauty,1,50,50
449,2023-06-13,CUST449,Female,45,Electronics,4,500,2000
450,2023-06-14,CUST450,Male,55,Beauty,2,25,50
451,2023-06-14,CUST451,Male,63,Clothing,3,25,75
452,2023-06-14,CUST452,Male,39,Clothing,4,50,200
453,2023-06-15,CUST453,Female,61,Beauty,2,30,60
454,2023-06-15,CUST454,Male,23,Clothing,3,25,75
455,2023-06-15,CUST455,Female,43,Clothing,4,300,1200
456,2023-06-16,CUST456,Female,30,Beauty,2,30,60
457,2023-06-16,CUST457,Male,24,Beauty,1,30,30
458,2023-06-16,CUST458,Female,27,Electronics,1,300,300
459,2023-06-17,CUST459,Female,28,Beauty,3,30,90
460,2023-06-17,CUST460,Male,26,Clothing,1,300,300
461,2023-06-18,CUST461,Male,44,Electronics,3,500,1500
462,2023-06-18,CUST462,Female,34,Clothing,2,50,100
463,2023-06-18,CUST463,Female,49,Beauty,1,50,50
464,2023-06-19,CUST464,Female,48,Beauty,3,25,75
465,2023-06-19,CUST465,Male,55,Clothing,4,25,100
466,2023-06-19,CUST466,Female,56,Clothing,2,50,100
467,2023-06-20,CUST467,Male,24,Clothing,1,50,50
468,2023-06-20,CUST468,Male,24,Beauty,1,25,25
469,2023-06-20,CUST469,Female,19,Beauty,3,30,90
470,2023-06-21,CUST470,Male,19,Electronics,4,500,2000
471,2023-06-21,CUST471,Male,39,Clothing,1,300,300
472,2023-06-22,CUST472,Male,64,Electronics,3,500,1500
473,2023-06-22,CUST473,Female,18,Electronics,1,300,300
474,2023-06-22,CUST474,Female,40,Clothing,2,25,50
475,2023-06-23,CUST475,Male,54,Clothing,1,25,25
476,2023-06-23,CUST476,Male,44,Beauty,3,50,150
477,2023-06-23,CUST477,Female,38,Beauty,3,30,90
478,2023-06-24,CUST478,Female,38,Electronics,3,500,1500
479,2023-06-24,CUST479,Female,57,Electronics,4,300,1200
480,2023-06-25,CUST480,Female,52,Electronics,4,300,1200
481,2023-06-25,CUST481,Female,64,Clothing,2,25,50
482,2023-06-25,CUST482,Male,48,Electronics,1,300,300
483,2023-06-26,CUST483,Female,45,Beauty,4,25,100
484,2023-06-26,CUST484,Female,54,Electronics,1,300,300
485,2023-06-26,CUST485,Female,27,Clothing,1,25,25
486,2023-06-27,CUST486,Male,26,Electronics,3,300,900
487,2023-06-27,CUST487,Female,38,Clothing,3,50,150
488,2023-06-27,CUST488,Female,41,Clothing,1,50,50
489,2023-06-28,CUST489,Male,57,Electronics,3,500,1500
490,2023-06-28,CUST490,Female,61,Beauty,1,30,30
491,2023-06-29,CUST491,Male,60,Beauty,1,50,50
492,2023-06-29,CUST492,Male,31,Beauty,3,30,90
493,2023-06-29,CUST493,Male,27,Clothing,4,50,200
494,2023-06-30,CUST494,Male,45,Clothing,1,25,25
495,2023-06-30,CUST495,Female,44,Beauty,4,25,100
496,2023-06-30,CUST496,Male,55,Clothing,4,300,1200
497,2023-07-01,CUST497,Female,52,Beauty,3,50,150
498,2023-07-01,CUST498,Female,24,Electronics,4,500,2000
499,2023-07-01,CUST499,Male,59,Clothing,4,25,100
500,2023-07-02,CUST500,Female,63,Clothing,4,25,100
501,2023-07-02,CUST501,Male,55,Beauty,4,30,120
502,2023-07-03,CUST502,Female,24,Beauty,1,30,30
503,2023-07-03,CUST503,Male,39,Clothing,3,50,150
504,2023-07-03,CUST504,Female,21,Clothing,3,300,900
505,2023-07-04,CUST505,Female,29,Electronics,3,300,900
506,2023-07-04,CUST506,Male,60,Electronics,1,500,500
507,2023-07-04,CUST507,Female,29,Beauty,1,25,25
508,2023-07-05,CUST508,Male,47,Beauty,2,25,50
509,2023-07-05,CUST509,Male,32,Electronics,1,300,300
510,2023-07-05,CUST510,Female,37,Electronics,1,500,500
511,2023-07-06,CUST511,Female,44,Clothing,4,300,1200
512,2023-07-06,CUST512,Female,61,Electronics,1,300,300
513,2023-07-07,CUST513,Female,34,Electronics,2,300,600
514,2023-07-07,CUST514,Female,53,Electronics,2,300,600
515,2023-07-07,CUST515,Male,35,Clothing,4,300,1200
516,2023-07-08,CUST516,Male,34,Clothing,1,300,300
517,2023-07-08,CUST517,Male,28,Electronics,1,500,500
518,2023-07-08,CUST518,Male,27,Electronics,3,300,900
519,2023-07-09,CUST519,Female,53,Beauty,1,50,50
520,2023-07-09,CUST520,Male,43,Clothing,4,25,100
521,2023-07-09,CUST521,Female,44,Electronics,3,300,900
522,2023-07-10,CUST522,Female,33,Clothing,1,50,50
523,2023-07-10,CUST523,Female,45,Beauty,3,50,150
524,2023-07-11,CUST524,Male,22,Electronics,2,500,1000
525,2023-07-11,CUST525,Female,56,Beauty,4,50,200
526,2023-07-11,CUST526,Female,39,Electronics,2,500,1000
527,2023-07-12,CUST527,Female,57,Electronics,1,300,300
528,2023-07-12,CUST528,Male,41,Electronics,2,500,1000
529,2023-07-12,CUST529,Male,62,Electronics,2,300,600
530,2023-07-13,CUST530,Female,56,Electronics,3,300,900
531,2023-07-13,CUST531,Male,61,Beauty,4,50,200
532,2023-07-14,CUST532,Male,61,Electronics,4,300,1200
533,2023-07-14,CUST533,Female,40,Clothing,2,25,50
534,2023-07-14,CUST534,Female,46,Electronics,1,500,500
535,2023-07-15,CUST535,Female,64,Electronics,1,500,500
536,2023-07-15,CUST536,Male,61,Clothing,2,25,50
537,2023-07-15,CUST537,Female,24,Clothing,1,25,25
538,2023-07-16,CUST538,Female,31,Beauty,2,50,100
539,2023-07-16,CUST539,Female,31,Clothing,4,50,200
540,2023-07-16,CUST540,Female,35,Clothing,1,25,25
541,2023-07-17,CUST541,Male,58,Beauty,3,25,75
542,2023-07-17,CUST542,Male,48,Clothing,2,300,600
543,2023-07-18,CUST543,Male,22,Electronics,1,300,300
544,2023-07-18,CUST544,Male,36,Clothing,3,25,75
545,2023-07-18,CUST545,Female,20,Electronics,4,500,2000
546,2023-07-19,CUST546,Male,45,Clothing,2,25,50
547,2023-07-19,CUST547,Female,26,Clothing,1,50,50
548,2023-07-19,CUST548,Male,61,Clothing,4,50,200
549,2023-07-20,CUST549,Female,33,Clothing,2,50,100
550,2023-07-20,CUST550,Male,41,Clothing,3,25,75
551,2023-07-20,CUST551,Male,48,Beauty,2,50,100
552,2023-07-21,CUST552,Female,31,Electronics,4,300,1200
553,2023-07-21,CUST553,Female,46,Beauty,3,25,75
554,2023-07-22,CUST554,Female,64,Clothing,3,300,900
555,2023-07-22,CUST555,Male,32,Electronics,4,500,2000
556,2023-07-22,CUST556,Male,64,Beauty,1,50,50
557,2023-07-23,CUST557,Male,63,Clothing,3,300,900
558,2023-07-23,CUST558,Male,51,Clothing,3,50,150
559,2023-07-23,CUST559,Male,22,Beauty,1,50,50
560,2023-07-24,CUST560,Female,28,Electronics,3,500,1500
561,2023-07-24,CUST561,Male,36,Electronics,1,500,500
562,2023-07-24,CUST562,Female,54,Electronics,4,300,1200
563,2023-07-25,CUST563,Male,26,Electronics,4,300,1200
564,2023-07-25,CUST564,Female,27,Clothing,1,300,300
565,2023-07-26,CUST565,Female,64,Clothing,3,50,150
566,2023-07-26,CUST566,Male,31,Beauty,2,30,60
567,2023-07-26,CUST567,Male,30,Beauty,3,25,75
568,2023-07-27,CUST568,Female,47,Electronics,2,500,1000
569,2023-07-27,CUST569,Female,32,Clothing,3,50,150
570,2023-07-27,CUST570,Male,58,Electronics,4,300,1200
571,2023-07-28,CUST571,Female,31,Beauty,1,50,50
572,2023-07-28,CUST572,Female,27,Beauty,3,30,90
573,2023-07-28,CUST573,Female,64,Electronics,1,300,300
574,2023-07-29,CUST574,Male,30,Beauty,2,30,60
575,2023-07-29,CUST575,Male,55,Beauty,3,25,75
576,2023-07-30,CUST576,Female,47,Clothing,2,300,600
577,2023-07-30,CUST577,Female,63,Electronics,3,500,1500
578,2023-07-30,CUST578,Male,29,Electronics,1,500,500
579,2023-07-31,CUST579,Male,62,Clothing,1,50,50
580,2023-07-31,CUST580,Female,59,Clothing,3,50,150
581,2023-07-31,CUST581,Female,42,Clothing,2,25,50
582,2023-08-01,CUST582,Female,26,Beauty,3,50,150
583,2023-08-01,CUST583,Male,33,Electronics,3,300,900
584,2023-08-02,CUST584,Male,50,Electronics,3,300,900
585,2023-08-02,CUST585,Male,62,Electronics,2,300,600
586,2023-08-02,CUST586,Female,34,Electronics,4,500,2000
587,2023-08-03,CUST587,Male,62,Clothing,3,300,900
588,2023-08-03,CUST588,Female,29,Electronics,4,500,2000
589,2023-08-03,CUST589,Female,33,Electronics,1,500,500
590,2023-08-04,CUST590,Male,43,Clothing,3,50,150
591,2023-08-04,CUST591,Male,39,Clothing,3,50,150
592,2023-08-04,CUST592,Female,40,Beauty,1,30,30
593,2023-08-05,CUST593,Male,35,Beauty,4,25,100
594,2023-08-05,CUST594,Male,46,Electronics,3,300,900
595,2023-08-06,CUST595,Male,45,Electronics,2,500,1000
596,2023-08-06,CUST596,Female,62,Electronics,4,500,2000
597,2023-08-06,CUST597,Female,26,Clothing,4,50,200
598,2023-08-07,CUST598,Male,45,Electronics,3,500,1500
599,2023-08-07,CUST599,Female,46,Clothing,2,25,50
600,2023-08-07,CUST600,Female,57,Electronics,4,300,1200
601,2023-08-08,CUST601,Male,61,Beauty,3,25,75
602,2023-08-08,CUST602,Male,57,Electronics,4,500,2000
603,2023-08-08,CUST603,Female,53,Beauty,3,30,90
604,2023-08-09,CUST604,Male,48,Electronics,3,300,900
605,2023-08-09,CUST605,Male,59,Clothing,2,25,50
606,2023-08-10,CUST606,Male,27,Electronics,1,300,300
607,2023-08-10,CUST607,Female,61,Beauty,4,30,120
608,2023-08-10,CUST608,Male,35,Electronics,4,300,1200
609,2023-08-11,CUST609,Male,34,Electronics,4,500,2000
610,2023-08-11,CUST610,Male,18,Beauty,4,30,120
611,2023-08-11,CUST611,Female,44,Electronics,4,500,2000
612,2023-08-12,CUST612,Female,25,Electronics,4,300,1200
613,2023-08-12,CUST613,Female,36,Clothing,3,50,150
614,2023-08-12,CUST614,Male,29,Beauty,3,25,75
615,2023-08-13,CUST615,Male,30,Beauty,3,30,90
616,2023-08-13,CUST616,Female,31,Clothing,1,300,300
617,2023-08-14,CUST617,Male,26,Electronics,4,500,2000
618,2023-08-14,CUST618,Female,58,Electronics,3,500,1500
619,2023-08-14,CUST619,Male,36,Electronics,2,500,1000
620,2023-08-15,CUST620,Female,35,Electronics,4,300,1200
621,2023-08-15,CUST621,Male,60,Electronics,4,300,1200
622,2023-08-15,CUST622,Male,62,Beauty,1,30,30
623,2023-08-16,CUST623,Male,52,Clothing,2,300,600
624,2023-08-16,CUST624,Female,29,Beauty,2,25,50
625,2023-08-16,CUST625,Male,41,Electronics,1,500,500
626,2023-08-17,CUST626,Male,24,Electronics,1,500,500
627,2023-08-17,CUST627,Female,32,Clothing,3,300,900
628,2023-08-18,CUST628,Female,64,Beauty,1,30,30
629,2023-08-18,CUST629,Male,61,Beauty,4,25,100
630,2023-08-18,CUST630,Female,19,Beauty,2,25,50
631,2023-08-19,CUST631,Male,32,Clothing,3,300,900
632,2023-08-19,CUST632,Female,55,Clothing,1,50,50
633,2023-08-19,CUST633,Male,24,Clothing,2,25,50
634,2023-08-20,CUST634,Male,62,Clothing,1,25,25
635,2023-08-20,CUST635,Male,27,Clothing,3,50,150
636,2023-08-21,CUST636,Male,21,Electronics,4,500,2000
637,2023-08-21,CUST637,Male,27,Electronics,2,300,600
638,2023-08-21,CUST638,Male,52,Clothing,1,25,25
639,2023-08-22,CUST639,Male,48,Clothing,3,25,75
640,2023-08-22,CUST640,Male,19,Electronics,4,300,1200
641,2023-08-22,CUST641,Male,56,Beauty,1,25,25
642,2023-08-23,CUST642,Female,32,Clothing,4,300,1200
643,2023-08-23,CUST643,Female,34,Beauty,4,25,100
644,2023-08-23,CUST644,Female,48,Beauty,3,25,75
645,2023-08-24,CUST645,Female,31,Beauty,2,30,60
646,2023-08-24,CUST646,Female,40,Electronics,2,500,1000
647,2023-08-25,CUST647,Female,64,Clothing,1,300,300
648,2023-08-25,CUST648,Male,53,Beauty,2,50,100
649,2023-08-25,CUST649,Male,41,Electronics,1,500,500
650,2023-08-26,CUST650,Female,55,Beauty,1,25,25
651,2023-08-26,CUST651,Male,47,Beauty,2,30,60
652,2023-08-26,CUST652,Female,63,Beauty,1,25,25
653,2023-08-27,CUST653,Male,60,Electronics,4,500,2000
654,2023-08-27,CUST654,Male,44,Electronics,1,300,300
655,2023-08-27,CUST655,Female,36,Electronics,2,300,600
656,2023-08-28,CUST656,Male,40,Clothing,4,25,100
657,2023-08-28,CUST657,Male,24,Clothing,3,300,900
658,2023-08-29,CUST658,Male,28,Beauty,1,30,30
659,2023-08-29,CUST659,Male,61,Beauty,1,50,50
660,2023-08-29,CUST660,Female,19,Electronics,1,300,300
661,2023-08-30,CUST661,Female,27,Electronics,2,500,1000
662,2023-08-30,CUST662,Male,44,Electronics,4,500,2000
663,2023-08-30,CUST663,Male,33,Clothing,3,25,75
664,2023-08-31,CUST664,Male,35,Beauty,2,50,100
665,2023-08-31,CUST665,Female,37,Beauty,2,30,60
666,2023-08-31,CUST666,Female,37,Electronics,2,300,600
667,2023-09-01,CUST667,Female,19,Beauty,3,30,90
668,2023-09-01,CUST668,Male,45,Electronics,2,500,1000
669,2023-09-02,CUST669,Male,54,Clothing,2,50,100
670,2023-09-02,CUST670,Male,53,Electronics,2,500,1000
671,2023-09-02,CUST671,Male,27,Electronics,3,500,1500
672,2023-09-03,CUST672,Female,59,Clothing,3,50,150
673,2023-09-03,CUST673,Female,31,Clothing,3,300,900
674,2023-09-03,CUST674,Female,24,Electronics,3,300,900
675,2023-09-04,CUST675,Male,42,Electronics,2,500,1000
676,2023-09-04,CUST676,Female,28,Electronics,3,300,900
677,2023-09-04,CUST677,Male,61,Clothing,4,25,100
678,2023-09-05,CUST678,Female,55,Beauty,4,50,200
679,2023-09-05,CUST679,Female,23,Clothing,1,25,25
680,2023-09-06,CUST680,Female,58,Beauty,2,30,60
681,2023-09-06,CUST681,Male,33,Beauty,1,25,25
682,2023-09-06,CUST682,Male,32,Beauty,3,30,90
683,2023-09-07,CUST683,Male,39,Electronics,1,500,500
684,2023-09-07,CUST684,Female,18,Beauty,2,30,60
685,2023-09-07,CUST685,Male,53,Beauty,2,50,100
686,2023-09-08,CUST686,Male,51,Clothing,4,25,100
687,2023-09-08,CUST687,Male,32,Beauty,2,50,100
688,2023-09-09,CUST688,Male,24,Clothing,1,50,50
689,2023-09-09,CUST689,Male,42,Beauty,2,25,50
690,2023-09-09,CUST690,Male,21,Electronics,2,300,600
691,2023-09-10,CUST691,Female,22,Electronics,1,300,300
692,2023-09-10,CUST692,Male,55,Electronics,3,500,1500
693,2023-09-10,CUST693,Female,58,Electronics,2,500,1000
694,2023-09-11,CUST694,Female,49,Beauty,3,30,90
695,2023-09-11,CUST695,Male,45,Beauty,3,25,75
696,2023-09-11,CUST696,Female,59,Clothing,2,300,600
697,2023-09-12,CUST697,Female,21,Clothing,1,50,50
698,2023-09-12,CUST698,Female,52,Beauty,3,50,150
699,2023-09-13,CUST699,Male,59,Beauty,4,30,120
700,2023-09-13,CUST700,Female,31,Clothing,1,300,300
701,2023-09-13,CUST701,Female,35,Clothing,2,50,100
702,2023-09-14,CUST702,Female,60,Electronics,2,300,600
703,2023-09-14,CUST703,Female,58,Clothing,2,25,50
704,2023-09-14,CUST704,Female,63,Electronics,2,300,600
705,2023-09-15,CUST705,Male,28,Clothing,2,25,50
706,2023-09-15,CUST706,Male,56,Electronics,4,500,2000
707,2023-09-15,CUST707,Female,60,Clothing,2,50,100
708,2023-09-16,CUST708,Female,21,Clothing,1,50,50
709,2023-09-16,CUST709,Female,45,Clothing,2,300,600
710,2023-09-17,CUST710,Female,33,Electronics,4,300,1200
711,2023-09-17,CUST711,Male,52,Electronics,3,500,1500
712,2023-09-17,CUST712,Male,54,Beauty,3,25,75
713,2023-09-18,CUST713,Male,60,Beauty,2,30,60
714,2023-09-18,CUST714,Male,57,Clothing,4,50,200
715,2023-09-18,CUST715,Female,62,Clothing,1,50,50
716,2023-09-19,CUST716,Female,38,Beauty,2,30,60
717,2023-09-19,CUST717,Female,43,Clothing,2,25,50
718,2023-09-19,CUST718,Male,29,Clothing,2,50,100
719,2023-09-20,CUST719,Female,62,Electronics,2,500,1000
720,2023-09-20,CUST720,Male,35,Electronics,1,300,300
721,2023-09-21,CUST721,Female,23,Clothing,4,25,100
722,2023-09-21,CUST722,Male,37,Electronics,4,300,1200
723,2023-09-21,CUST723,Male,25,Clothing,3,25,75
724,2023-09-22,CUST724,Female,22,Clothing,3,300,900
725,2023-09-22,CUST725,Male,49,Electronics,3,300,900
726,2023-09-22,CUST726,Female,47,Clothing,3,25,75
727,2023-09-23,CUST727,Female,60,Electronics,3,500,1500
728,2023-09-23,CUST728,Female,45,Electronics,3,500,1500
729,2023-09-23,CUST729,Female,50,Beauty,1,25,25
730,2023-09-24,CUST730,Female,61,Electronics,2,500,1000
731,2023-09-24,CUST731,Male,59,Clothing,1,300,300
732,2023-09-25,CUST732,Female,36,Clothing,1,25,25
733,2023-09-25,CUST733,Female,47,Clothing,1,300,300
734,2023-09-25,CUST734,Male,31,Beauty,4,25,100
735,2023-09-26,CUST735,Female,62,Electronics,1,300,300
736,2023-09-26,CUST736,Male,27,Electronics,4,300,1200
737,2023-09-26,CUST737,Female,26,Clothing,1,25,25
738,2023-09-27,CUST738,Female,43,Beauty,1,25,25
739,2023-09-27,CUST739,Female,51,Beauty,4,30,120
740,2023-09-28,CUST740,Male,35,Beauty,2,50,100
741,2023-09-28,CUST741,Male,34,Beauty,1,25,25
742,2023-09-28,CUST742,Male,25,Beauty,1,30,30
743,2023-09-29,CUST743,Male,48,Beauty,3,25,75
744,2023-09-29,CUST744,Male,34,Electronics,3,300,900
745,2023-09-29,CUST745,Male,40,Beauty,2,50,100
746,2023-09-30,CUST746,Male,55,Clothing,4,25,100
747,2023-09-30,CUST747,Female,27,Beauty,1,50,50
748,2023-09-30,CUST748,Male,64,Electronics,3,500,1500
749,2023-10-01,CUST749,Male,30,Electronics,1,300,300
750,2023-10-01,CUST750,Male,42,Beauty,3,30,90
751,2023-10-02,CUST751,Male,40,Electronics,4,500,2000
752,2023-10-02,CUST752,Male,32,Electronics,4,300,1200
753,2023-10-02,CUST753,Female,63,Beauty,3,30,90
754,2023-10-03,CUST754,Male,51,Beauty,3,30,90
755,2023-10-03,CUST755,Female,22,Electronics,3,500,1500
756,2023-10-03,CUST756,Female,23,Clothing,1,50,50
757,2023-10-04,CUST757,Male,30,Clothing,4,25,100
758,2023-10-04,CUST758,Male,59,Clothing,2,25,50
759,2023-10-04,CUST759,Male,30,Clothing,3,50,150
760,2023-10-05,CUST760,Male,18,Clothing,3,50,150
761,2023-10-05,CUST761,Male,23,Clothing,2,300,600
762,2023-10-06,CUST762,Male,40,Beauty,1,25,25
763,2023-10-06,CUST763,Male,59,Beauty,3,50,150
764,2023-10-06,CUST764,Male,51,Clothing,2,50,100
765,2023-10-07,CUST765,Male,19,Clothing,1,300,300
766,2023-10-07,CUST766,Male,28,Clothing,1,300,300
767,2023-10-07,CUST767,Female,24,Electronics,4,500,2000
768,2023-10-08,CUST768,Female,34,Beauty,4,50,200
769,2023-10-08,CUST769,Female,25,Clothing,1,300,300
770,2023-10-08,CUST770,Female,45,Beauty,1,25,25
771,2023-10-09,CUST771,Female,56,Clothing,1,50,50
772,2023-10-09,CUST772,Male,61,Beauty,3,25,75
773,2023-10-10,CUST773,Female,38,Electronics,3,300,900
774,2023-10-10,CUST774,Female,59,Clothing,1,50,50
775,2023-10-10,CUST775,Female,36,Clothing,2,300,600
776,2023-10-11,CUST776,Female,60,Beauty,1,30,30
777,2023-10-11,CUST777,Female,24,Electronics,3,500,1500
778,2023-10-11,CUST778,Female,56,Beauty,2,30,60
779,2023-10-12,CUST779,Male,52,Clothing,3,50,150
780,2023-10-12,CUST780,Female,28,Beauty,3,50,150
781,2023-10-12,CUST781,Male,57,Beauty,2,25,50
782,2023-10-13,CUST782,Male,58,Clothing,1,300,300
783,2023-10-13,CUST783,Male,58,Beauty,1,25,25
784,2023-10-14,CUST784,Male,45,Electronics,3,500,1500
785,2023-10-14,CUST785,Male,48,Electronics,2,300,600
786,2023-10-14,CUST786,Female,54,Clothing,2,50,100
787,2023-10-15,CUST787,Female,52,Clothing,3,50,150
788,2023-10-15,CUST788,Female,43,Clothing,2,50,100
789,2023-10-15,CUST789,Female,45,Clothing,3,300,900
790,2023-10-16,CUST790,Male,49,Electronics,2,500,1000
791,2023-10-16,CUST791,Female,61,Beauty,1,30,30
792,2023-10-17,CUST792,Female,21,Clothing,3,25,75
793,2023-10-17,CUST793,Male,18,Electronics,4,500,2000
794,2023-10-17,CUST794,Male,55,Electronics,2,500,1000
795,2023-10-18,CUST795,Female,57,Clothing,2,300,600
796,2023-10-18,CUST796,Female,30,Beauty,4,50,200
797,2023-10-18,CUST797,Female,38,Beauty,2,30,60
798,2023-10-19,CUST798,Female,29,Electronics,3,300,900
799,2023-10-19,CUST799,Female,30,Clothing,2,50,100
800,2023-10-19,CUST800,Female,45,Beauty,2,50,100
801,2023-10-20,CUST801,Female,39,Beauty,2,30,60
802,2023-10-20,CUST802,Male,62,Clothing,4,50,200
803,2023-10-21,CUST803,Male,30,Beauty,3,50,150
804,2023-10-21,CUST804,Male,35,Electronics,3,500,1500
805,2023-10-21,CUST805,Female,57,Clothing,4,300,1200
806,2023-10-22,CUST806,Male,49,Beauty,4,50,200
807,2023-10-22,CUST807,Female,47,Electronics,1,300,300
808,2023-10-22,CUST808,Male,19,Beauty,3,25,75
809,2023-10-23,CUST809,Female,55,Beauty,3,30,90
810,2023-10-23,CUST810,Male,18,Clothing,3,300,900
811,2023-10-23,CUST811,Female,41,Electronics,1,300,300
812,2023-10-24,CUST812,Male,31,Electronics,1,500,500
813,2023-10-24,CUST813,Female,26,Clothing,2,25,50
814,2023-10-25,CUST814,Female,38,Electronics,4,300,1200
815,2023-10-25,CUST815,Female,36,Electronics,4,300,1200
816,2023-10-25,CUST816,Male,34,Clothing,3,25,75
817,2023-10-26,CUST817,Female,31,Clothing,2,25,50
818,2023-10-26,CUST818,Female,26,Beauty,2,50,100
819,2023-10-26,CUST819,Female,24,Beauty,2,50,100
820,2023-10-27,CUST820,Female,45,Clothing,3,300,900
821,2023-10-27,CUST821,Female,55,Electronics,3,500,1500
822,2023-10-27,CUST822,Female,53,Electronics,1,500,500
823,2023-10-28,CUST823,Male,58,Electronics,4,300,1200
824,2023-10-28,CUST824,Male,44,Beauty,1,25,25
825,2023-10-29,CUST825,Male,48,Beauty,2,25,50
826,2023-10-29,CUST826,Female,30,Beauty,2,25,50
827,2023-10-29,CUST827,Female,63,Electronics,4,300,1200
828,2023-10-30,CUST828,Male,34,Beauty,3,50,150
829,2023-10-30,CUST829,Male,41,Clothing,1,25,25
830,2023-10-30,CUST830,Female,60,Beauty,4,30,120
831,2023-10-31,CUST831,Female,26,Beauty,2,50,100
832,2023-10-31,CUST832,Female,34,Beauty,2,25,50
833,2023-10-31,CUST833,Male,36,Electronics,4,500,2000
834,2023-11-01,CUST834,Male,28,Beauty,1,25,25
835,2023-11-01,CUST835,Female,33,Electronics,3,300,900
836,2023-11-02,CUST836,Male,56,Electronics,2,500,1000
837,2023-11-02,CUST837,Male,42,Clothing,3,50,150
838,2023-11-02,CUST838,Female,54,Beauty,2,50,100
839,2023-11-03,CUST839,Female,18,Beauty,3,50,150
840,2023-11-03,CUST840,Female,21,Electronics,2,300,600
841,2023-11-03,CUST841,Female,44,Beauty,2,30,60
842,2023-11-04,CUST842,Male,38,Electronics,4,300,1200
843,2023-11-04,CUST843,Female,51,Clothing,2,25,50
844,2023-11-05,CUST844,Female,42,Clothing,3,25,75
845,2023-11-05,CUST845,Female,36,Beauty,1,50,50
846,2023-11-05,CUST846,Male,58,Beauty,4,50,200
847,2023-11-06,CUST847,Female,27,Beauty,3,25,75
848,2023-11-06,CUST848,Male,26,Electronics,4,300,1200
849,2023-11-06,CUST849,Female,25,Beauty,3,50,150
850,2023-11-07,CUST850,Female,46,Electronics,4,300,1200
851,2023-11-07,CUST851,Male,59,Clothing,3,25,75
852,2023-11-07,CUST852,Female,37,Clothing,2,300,600
853,2023-11-08,CUST853,Male,40,Clothing,4,50,200
854,2023-11-08,CUST854,Female,21,Beauty,2,50,100
855,2023-11-09,CUST855,Female,32,Electronics,4,500,2000
856,2023-11-09,CUST856,Male,20,Clothing,4,50,200
857,2023-11-09,CUST857,Male,41,Beauty,3,30,90
858,2023-11-10,CUST858,Female,61,Electronics,3,500,1500
859,2023-11-10,CUST859,Male,42,Clothing,2,50,100
860,2023-11-10,CUST860,Male,38,Clothing,4,300,1200
861,2023-11-11,CUST861,Female,53,Beauty,1,25,25
862,2023-11-11,CUST862,Female,64,Beauty,2,30,60
863,2023-11-11,CUST863,Female,50,Electronics,4,500,2000
864,2023-11-12,CUST864,Male,52,Beauty,4,30,120
865,2023-11-12,CUST865,Female,60,Clothing,4,300,1200
866,2023-11-13,CUST866,Male,46,Electronics,2,300,600
867,2023-11-13,CUST867,Male,55,Electronics,3,500,1500
868,2023-11-13,CUST868,Female,54,Electronics,4,500,2000
869,2023-11-14,CUST869,Male,36,Electronics,3,300,900
870,2023-11-14,CUST870,Female,60,Electronics,2,500,1000
871,2023-11-14,CUST871,Female,53,Beauty,3,25,75
872,2023-11-15,CUST872,Female,57,Clothing,2,25,50
873,2023-11-15,CUST873,Male,53,Clothing,1,50,50
874,2023-11-15,CUST874,Male,19,Clothing,3,300,900
875,2023-11-16,CUST875,Female,47,Clothing,1,25,25
876,2023-11-16,CUST876,Male,38,Clothing,2,300,600
877,2023-11-17,CUST877,Male,55,Beauty,1,25,25
878,2023-11-17,CUST878,Female,53,Electronics,3,500,1500
879,2023-11-17,CUST879,Male,64,Beauty,1,25,25
880,2023-11-18,CUST880,Female,52,Beauty,3,30,90
881,2023-11-18,CUST881,Male,45,Clothing,1,25,25
882,2023-11-18,CUST882,Female,32,Beauty,3,30,90
883,2023-11-19,CUST883,Female,60,Beauty,2,25,50
884,2023-11-19,CUST884,Male,48,Clothing,1,25,25
885,2023-11-19,CUST885,Male,45,Clothing,1,25,25
886,2023-11-20,CUST886,Female,22,Clothing,4,50,200
887,2023-11-20,CUST887,Male,22,Clothing,1,25,25
888,2023-11-21,CUST888,Female,24,Electronics,4,500,2000
889,2023-11-21,CUST889,Male,59,Beauty,3,25,75
890,2023-11-21,CUST890,Male,59,Electronics,4,300,1200
891,2023-11-22,CUST891,Female,21,Beauty,1,50,50
892,2023-11-22,CUST892,Male,57,Clothing,1,25,25
893,2023-11-22,CUST893,Male,62,Electronics,4,500,2000
894,2023-11-23,CUST894,Female,54,Electronics,3,300,900
895,2023-11-23,CUST895,Male,45,Beauty,3,30,90
896,2023-11-24,CUST896,Female,31,Beauty,4,25,100
897,2023-11-24,CUST897,Male,62,Beauty,1,50,50
898,2023-11-24,CUST898,Female,18,Clothing,1,50,50
899,2023-11-25,CUST899,Male,28,Clothing,3,50,150
900,2023-11-25,CUST900,Female,47,Beauty,1,50,50
901,2023-11-25,CUST901,Male,32,Beauty,1,25,25
902,2023-11-26,CUST902,Female,18,Clothing,4,25,100
903,2023-11-26,CUST903,Male,18,Clothing,4,300,1200
904,2023-11-26,CUST904,Female,50,Beauty,2,30,60
905,2023-11-27,CUST905,Female,29,Electronics,4,300,1200
906,2023-11-27,CUST906,Female,47,Electronics,2,500,1000
907,2023-11-28,CUST907,Male,23,Clothing,4,300,1200
908,2023-11-28,CUST908,Male,23,Electronics,4,300,1200
909,2023-11-28,CUST909,Male,48,Electronics,1,500,500
910,2023-11-29,CUST910,Female,36,Electronics,2,300,600
911,2023-11-29,CUST911,Male,60,Beauty,2,25,50
912,2023-11-29,CUST912,Female,34,Beauty,3,30,90
913,2023-11-30,CUST913,Female,35,Clothing,4,300,1200
914,2023-11-30,CUST914,Female,29,Clothing,4,300,1200
915,2023-11-30,CUST915,Male,27,Clothing,1,300,300
916,2023-12-01,CUST916,Female,27,Beauty,1,50,50
917,2023-12-01,CUST917,Male,44,Clothing,2,25,50
918,2023-12-02,CUST918,Female,30,Electronics,2,300,600
919,2023-12-02,CUST919,Female,18,Electronics,1,500,500
920,2023-12-02,CUST920,Female,57,Clothing,3,50,150
921,2023-12-03,CUST921,Female,46,Beauty,1,50,50
922,2023-12-03,CUST922,Male,31,Electronics,3,500,1500
923,2023-12-03,CUST923,Male,41,Beauty,1,50,50
924,2023-12-04,CUST924,Female,45,Electronics,1,300,300
925,2023-12-04,CUST925,Female,61,Beauty,3,25,75
926,2023-12-04,CUST926,Male,43,Clothing,3,25,75
927,2023-12-05,CUST927,Female,38,Clothing,3,50,150
928,2023-12-05,CUST928,Female,30,Beauty,4,50,200
929,2023-12-06,CUST929,Female,42,Electronics,4,500,2000
930,2023-12-06,CUST930,Male,23,Clothing,3,300,900
931,2023-12-06,CUST931,Female,52,Clothing,4,50,200
932,2023-12-07,CUST932,Male,30,Electronics,3,300,900
933,2023-12-07,CUST933,Male,61,Electronics,3,500,1500
934,2023-12-07,CUST934,Female,33,Clothing,3,25,75
935,2023-12-08,CUST935,Male,39,Electronics,2,300,600
936,2023-12-08,CUST936,Male,54,Beauty,1,25,25
937,2023-12-08,CUST937,Female,62,Electronics,3,500,1500
938,2023-12-09,CUST938,Male,30,Beauty,4,50,200
939,2023-12-09,CUST939,Female,52,Beauty,4,30,120
940,2023-12-10,CUST940,Female,23,Beauty,4,30,120
941,2023-12-10,CUST941,Male,38,Electronics,2,500,1000
942,2023-12-10,CUST942,Female,49,Clothing,1,25,25
943,2023-12-11,CUST943,Male,52,Clothing,4,300,1200
944,2023-12-11,CUST944,Male,41,Beauty,1,30,30
945,2023-12-11,CUST945,Female,37,Beauty,1,25,25
946,2023-12-12,CUST946,Female,39,Beauty,2,30,60
947,2023-12-12,CUST947,Male,24,Electronics,2,300,600
948,2023-12-13,CUST948,Male,22,Beauty,1,25,25
949,2023-12-13,CUST949,Male,27,Beauty,2,30,60
950,2023-12-13,CUST950,Male,42,Beauty,2,30,60
951,2023-12-14,CUST951,Male,50,Clothing,3,25,75
952,2023-12-14,CUST952,Female,28,Electronics,4,300,1200
953,2023-12-14,CUST953,Female,44,Clothing,2,300,600
954,2023-12-15,CUST954,Female,45,Clothing,1,300,300
955,2023-12-15,CUST955,Male,34,Clothing,1,25,25
956,2023-12-15,CUST956,Female,52,Electronics,2,500,1000
957,2023-12-16,CUST957,Male,40,Beauty,2,25,50
958,2023-12-16,CUST958,Male,46,Beauty,1,30,30
959,2023-12-17,CUST959,Male,46,Electronics,4,300,1200
960,2023-12-17,CUST960,Female,32,Electronics,1,500,500
961,2023-12-17,CUST961,Female,55,Electronics,2,500,1000
962,2023-12-18,CUST962,Male,43,Beauty,2,25,50
963,2023-12-18,CUST963,Female,23,Electronics,3,300,900
964,2023-12-18,CUST964,Female,20,Beauty,1,50,50
965,2023-12-19,CUST965,Male,53,Beauty,2,25,50
966,2023-12-19,CUST966,Male,29,Electronics,4,300,1200
967,2023-12-19,CUST967,Male,31,Clothing,2,300,600
968,2023-12-20,CUST968,Female,53,Beauty,2,50,100
969,2023-12-20,CUST969,Male,49,Beauty,1,25,25
970,2023-12-21,CUST970,Male,48,Clothing,3,300,900
971,2023-12-21,CUST971,Female,23,Beauty,4,25,100
972,2023-12-21,CUST972,Male,47,Beauty,2,25,50
973,2023-12-22,CUST973,Male,45,Clothing,3,25,75
974,2023-12-22,CUST974,Male,19,Electronics,1,300,300
975,2023-12-22,CUST975,Male,58,Clothing,4,25,100
976,2023-12-23,CUST976,Male,44,Beauty,4,25,100
977,2023-12-23,CUST977,Female,46,Electronics,3,500,1500
978,2023-12-23,CUST978,Female,57,Beauty,3,25,75
979,2023-12-24,CUST979,Male,57,Beauty,3,25,75
980,2023-12-24,CUST980,Female,51,Clothing,1,50,50
981,2023-12-25,CUST981,Male,59,Beauty,1,50,50
982,2023-12-25,CUST982,Female,63,Electronics,4,300,1200
983,2023-12-25,CUST983,Female,50,Clothing,4,25,100
984,2023-12-26,CUST984,Male,22,Clothing,2,50,100
985,2023-12-26,CUST985,Female,18,Clothing,2,300,600
986,2023-12-26,CUST986,Female,29,Electronics,2,300,600
987,2023-12-27,CUST987,Male,53,Beauty,3,25,75
988,2023-12-27,CUST988,Male,22,Beauty,3,30,90
989,2023-12-27,CUST989,Male,44,Electronics,3,300,900
990,2023-12-28,CUST990,Female,33,Clothing,1,300,300
991,2023-12-28,CUST991,Male,46,Clothing,2,300,600
992,2023-12-29,CUST992,Female,60,Electronics,4,500,2000
993,2023-12-29,CUST993,Female,34,Electronics,1,300,300
994,2023-12-29,CUST994,Male,24,Clothing,3,50,150
995,2023-12-30,CUST995,Male,49,Beauty,4,30,120
996,2023-12-30,CUST996,Male,20,Electronics,2,300,600
997,2023-12-30,CUST997,Female,35,Clothing,1,25,25
998,2023-12-31,CUST998,Male,19,Electronics,4,500,2000
999,2023-12-31,CUST999,Male,50,Electronics,4,300,1200
1000,2024-01-01,CUST1000,Male,51,Clothing,2,25,50
